{
  "project_info": {
    "project_number": "993925635659",
    "project_id": "homebody-effbe",
    "storage_bucket": "homebody-effbe.appspot.com"
  },
  "client": [
    {
      "client_info": {
        "mobilesdk_app_id": "1:993925635659:android:9a5af4b2baf8350d21f7ce",
        "android_client_info": {
          "package_name": "com.homebody"
        }
      },
      "oauth_client": [
        {
          "client_id": "993925635659-2pg702k153o1l1rsael46s1562ctktpi.apps.googleusercontent.com",
          "client_type": 3
        }
      ],
      "api_key": [
        {
          "current_key": "AIzaSyAE4FIi7C4jdMFzqtYYcp5g4vDEwPb2wH0"
        }
      ],
      "services": {
        "appinvite_service": {
          "other_platform_oauth_client": [
            {
              "client_id": "993925635659-2pg702k153o1l1rsael46s1562ctktpi.apps.googleusercontent.com",
              "client_type": 3
            }
          ]
        }
      }
    }
  ],
  "configuration_version": "1"
}